 2,0x2032,0.5307617807110818
2 ,0x3220,1.149983858207344
 1,0x2031,0.7076823742814425
10,0x3130,0.35384118714072127
08,0x3038,0.08846029678518032
80,0x3830,0.08846029678518032
0 ,0x3020,0.35384118714072127
 &,0x2026,0.08846029678518032
&c,0x2663,0.08846029678518032
c ,0x6320,1277.8089870619297
0-,0x302d,0.2653808903555409
-p,0x2d70,231.23521579646135
po,0x706f,1245.9632802192648
oi,0x6f69,597.8146856742485
in,0x696e,6748.901422631761
nt,0x6e74,3045.2457168298324
t ,0x7420,2245.830014782158
0t,0x3074,0.08846029678518032
th,0x7468,1807.9515456955153
h ,0x6820,712.282309714272
11,0x3131,0.35384118714072127
1-,0x312d,0.17692059357036063
12,0x3132,0.08846029678518032
2-,0x322d,0.17692059357036063
16,0x3136,0.17692059357036063
6-,0x362d,0.17692059357036063
18,0x3138,0.08846029678518032
8-,0x382d,0.2653808903555409
1s,0x3173,0.08846029678518032
st,0x7374,3580.8728138640995
"2,",0x322c,0.17692059357036063
",4",0x2c34,0.17692059357036063
"4,",0x342c,0.08846029678518032
",5",0x2c35,0.08846029678518032
5-,0x352d,0.2653808903555409
-t,0x2d74,230.70445401575026
4-,0x342d,0.17692059357036063
-d,0x2d64,194.70111322418188
d ,0x6420,4161.3492813684525
20,0x3230,0.08846029678518032
2D,0x3244,0.08846029678518032
D ,0x4420,22.64583597700616
2n,0x326e,0.08846029678518032
nd,0x6e64,1757.4407162311772
 3,0x2033,0.4423014839259016
30,0x3330,0.17692059357036063
-3,0x2d33,0.08846029678518032
3D,0x3344,0.08846029678518032
3-,0x332d,0.08846029678518032
-D,0x2d44,3.892253058547934
3M,0x334d,0.08846029678518032
M ,0x4d20,26.538089035554098
3r,0x3372,0.08846029678518032
rd,0x7264,678.5789366391182
 4,0x2034,0.4423014839259016
48,0x3438,0.08846029678518032
4G,0x3447,0.08846029678518032
GL,0x474c,0.35384118714072127
L ,0x4c20,17.69205935703606
4H,0x3448,0.08846029678518032
H ,0x4820,7.253744336384786
4t,0x3474,0.08846029678518032
 5,0x2035,0.2653808903555409
-T,0x2d54,4.069173652118295
T ,0x5420,27.599612596976257
5t,0x3574,0.08846029678518032
 6,0x2036,0.17692059357036063
6t,0x3674,0.08846029678518032
 7,0x2037,0.17692059357036063
7-,0x372d,0.08846029678518032
7t,0x3774,0.08846029678518032
 8,0x2038,0.17692059357036063
8t,0x3874,0.08846029678518032
 9,0x2039,0.17692059357036063
9-,0x392d,0.08846029678518032
9t,0x3974,0.08846029678518032
 a,0x2061,2155.7774326548442
a ,0x6120,1945.7726880868263
a',0x6127,7.342204633169967
' ,0x2720,2.565348606770229
a-,0x612d,75.0143316738329
- ,0x2d20,160.0246768843912
 A,0x2041,573.2227231679684
A&,0x4126,0.17692059357036063
&M,0x264d,0.08846029678518032
&P,0x2650,0.08846029678518032
P ,0x5020,30.695722984457564
A.,0x412e,6.192220774962622
. ,0x2e20,111.37151365254203
.A,0x2e41,4.157633948903475
.B,0x2e42,2.2115074196295077
B.,0x422e,4.776856026399737
.C,0x2e43,4.423014839259015
C.,0x432e,6.192220774962622
.D,0x2e44,3.096110387481311
D.,0x442e,5.307617807110819
.F,0x2e46,1.5922853421332457
F.,0x462e,2.299967716414688
.M,0x2e4d,2.9191897939109506
M.,0x4d2e,4.423014839259015
.G,0x2e47,1.0615235614221636
G.,0x472e,2.565348606770229
.H,0x2e48,0.8846029678518031
H.,0x482e,2.1230471228443273
.I,0x2e49,1.8576662324887865
I.,0x492e,2.83072949712577
.L,0x2e4c,0.7961426710666228
L.,0x4c2e,1.5922853421332457
.P,0x2e50,2.299967716414688
P.,0x502e,3.892253058547934
.N,0x2e4e,0.2653808903555409
N.,0x4e2e,1.7692059357036063
a.,0x612e,1.8576662324887865
.p,0x2e70,0.35384118714072127
p.,0x702e,4.069173652118295
.r,0x2e72,0.2653808903555409
r.,0x722e,7.607585523525507
.R,0x2e52,1.149983858207344
R.,0x522e,2.83072949712577
.S,0x2e53,3.892253058547934
S.,0x532e,4.599935432829376
.U,0x2e55,0.6192220774962622
U.,0x552e,1.3269044517777047
.V,0x2e56,1.2384441549925245
V.,0x562e,1.8576662324887865
.w,0x2e77,0.2653808903555409
w.,0x772e,0.7961426710666228
.W,0x2e57,1.149983858207344
W.,0x572e,1.7692059357036063
.O,0x2e4f,2.299967716414688
O.,0x4f2e,3.5384118714072126
A/,0x412f,0.5307617807110818
/C,0x2f43,0.4423014839259016
C ,0x4320,44.23014839259016
/F,0x2f46,0.35384118714072127
F ,0x4620,17.957440247391606
/O,0x2f4f,0.4423014839259016
O ,0x4f20,20.52278885416183
/P,0x2f50,0.35384118714072127
/V,0x2f56,0.08846029678518032
V ,0x5620,9.907553239940196
A1,0x4131,0.08846029678518032
1 ,0x3120,1.2384441549925245
A-,0x412d,1.6807456389184259
-1,0x2d31,0.7076823742814425
A4,0x4134,0.08846029678518032
4 ,0x3420,0.5307617807110818
A5,0x4135,0.08846029678518032
5 ,0x3520,0.4423014839259016
AA,0x4141,6.5460619621033445
A ,0x4120,39.27637177262006
AL,0x414c,3.892253058547934
AS,0x4153,13.357504814562226
S ,0x5320,63.160651904618746
Aa,0x4161,2.2115074196295077
ab,0x6162,1274.978257564804
be,0x6265,990.2245622133083
er,0x6572,7018.616867529777
rg,0x7267,393.2060192101265
g ,0x6720,2299.0831134468367
ac,0x6163,1847.3163777649208
ch,0x6368,2040.867507130895
he,0x6865,2032.1099377491626
en,0x656e,4143.745682308202
n ,0x6e20,3090.979690267771
AE,0x4145,2.565348606770229
E ,0x4520,26.803469925909635
EE,0x4545,2.83072949712577
AF,0x4146,5.219157510325638
AG,0x4147,2.476888309985049
G ,0x4720,10.792156207791999
aa,0x6161,33.17261129444262
ah,0x6168,188.59735274600445
ed,0x6564,4094.650217592426
hi,0x6869,1582.643169783661
ng,0x6e67,3427.1288180514557
hs,0x6873,84.74496432020274
s ,0x7320,7696.665042388185
AI,0x4149,3.1845706842664914
II,0x4949,1.3269044517777047
I ,0x4920,19.81510647988039
al,0x616c,4130.0343363064985
l ,0x6c20,1872.1737211615562
lb,0x6c62,93.0602322180097
bo,0x626f,761.9085362107581
or,0x6f72,3145.913534571367
le,0x6c65,3889.156948160453
es,0x6573,4727.141339606465
su,0x7375,1026.6702044888027
un,0x756e,2695.8275445283703
li,0x6c69,3379.5371783810283
ii,0x6969,54.22616192931553
i ,0x6920,439.7361353191314
is,0x6973,3646.0680525947773
ls,0x6c73,314.5648153681012
lt,0x6c74,401.07898562400754
to,0x746f,2252.552997337832
o ,0x6f20,479.1009673885367
AM,0x414d,8.580648788162492
MS,0x4d53,11.05753709814754
SI,0x5349,7.430664929955146
an,0x616e,4438.5838514932075
da,0x6461,898.5796947438615
hl,0x686c,180.1051642546271
-a,0x2d61,168.16302418862776
d-,0x642d,280.24222021545125
-R,0x2d52,3.8037927617627534
R ,0x5220,20.257407963806294
ni,0x6e69,2269.1835331334455
AO,0x414f,2.7422692003405897
AP,0x4150,7.519125226740328
PS,0x5053,8.84602967851803
SS,0x5353,10.172934130295737
aq,0x6171,33.08415099765744
qb,0x7162,0.17692059357036063
bi,0x6269,878.8530485607666
iy,0x6979,12.295981253140065
ye,0x7965,246.80422803065306
e ,0x6520,5980.181443568545
ar,0x6172,3526.115890154072
r ,0x7220,2238.310889555418
ra,0x7261,3627.226009379533
au,0x6175,597.1070032999671
u ,0x7520,109.60230771683841
AR,0x4152,9.288331162443933
RC,0x5243,6.457601665318164
dv,0x6476,43.61092631509389
va,0x7661,517.3158155997345
rk,0x726b,236.8966747907129
k ,0x6b20,466.8049861353965
ks,0x6b73,180.45900544176786
dw,0x6477,55.2876854907377
wo,0x776f,443.7168486744644
ol,0x6f6c,1928.4344699169308
lf,0x6c66,308.2841342963534
f ,0x6620,152.94785314157676
lv,0x6c76,134.9019525974
ve,0x7665,1880.8428302465038
re,0x7265,4443.803009003534
ga,0x6761,770.5776452957058
gh,0x6768,425.8478687238581
rh,0x7268,185.50124235852311
hu,0x6875,324.29544801447105
us,0x7573,2031.3137950780956
ri,0x7269,3715.155544384003
ik,0x696b,279.622998137955
ka,0x6b61,242.55813378496444
ro,0x726f,3296.7383405901
on,0x6f6e,4963.153411429326
ic,0x6963,3586.0035110776394
ca,0x6361,2181.7847599096876
it,0x6974,2541.0220251543046
te,0x7465,4638.150281040574
ti,0x7469,4930.511561915595
n',0x6e27,58.38379587821901
's,0x2773,341.1913647004405
s-,0x732d,110.04460920076431
-b,0x2d62,358.618043167121
ea,0x6561,1843.9548864870837
ns,0x6e73,1466.1409589175785
sb,0x7362,83.1526789780695
bu,0x6275,507.4967226565795
ur,0x7572,1570.7894900144468
so,0x736f,941.7483195750297
RP,0x5250,3.2730309810516722
rr,0x7272,647.2639915771643
hh,0x6868,11.499838582073442
ru,0x7275,655.5792594749713
A',0x4127,0.08846029678518032
'a,0x2761,2.1230471228443273
as,0x6173,1854.6585823980906
si,0x7369,1921.092265283761
ia,0x6961,2090.2283527370255
sv,0x7376,52.810797180752644
vo,0x766f,271.04234934979246
og,0x6f67,1001.4590199050264
ge,0x6765,1275.066717861589
el,0x656c,2457.9578064730204
AU,0x4155,2.3884280131998685
U ,0x5520,14.15364748562885
UP,0x5550,1.5922853421332457
UW,0x5557,0.4423014839259016
W ,0x5720,8.84602967851803
AV,0x4156,1.6807456389184259
VS,0x5653,2.7422692003405897
SO,0x534f,5.57299869746636
AX,0x4158,0.7076823742814425
X ,0x5820,6.899903149244064
ax,0x6178,134.2827305199037
xe,0x7865,109.77922831040875
xi,0x7869,207.6163165548182
AB,0x4142,3.715332464977573
B ,0x4220,15.480551937406558
b-,0x622d,22.026613899509897
BA,0x4241,5.57299869746636
Ab,0x4162,18.134360840961964
ba,0x6261,881.2414765739662
bd,0x6264,42.99170423759764
de,0x6465,2440.6195883031246
eh,0x6568,153.3016943287175
ua,0x7561,523.419576077912
ay,0x6179,348.4451090368253
y ,0x7920,3610.5954735839196
at,0x6174,4236.0982321519305
ci,0x6369,1125.2149751074937
na,0x6e61,1894.3772556546367
io,0x696f,2177.715586257569
sc,0x7363,913.9717863844832
cu,0x6375,756.8662992940027
ck,0x636b,849.4842300280866
cl,0x636c,532.9732881307115
co,0x636f,2441.1503500838357
ot,0x6f74,1359.9886027753623
ct,0x6374,1010.2165892867591
ll,0x6c6c,2429.5620512049777
ly,0x6c79,1939.757387905434
ul,0x756c,1426.9530474417438
lu,0x6c75,669.3790657734594
se,0x7365,2414.9661022354226
ad,0x6164,1086.3809048187995
dd,0x6464,220.6199801822397
do,0x646f,872.6608277858037
ej,0x656a,41.04557770832366
jo,0x6a6f,103.94084872258686
go,0x676f,501.4814224751872
di,0x6469,1914.9885048055835
af,0x6166,238.93126161677202
ff,0x6666,364.01412127101696
ft,0x6674,154.9824399676359
ag,0x6167,869.2108762111819
ae,0x6165,579.3264836461459
ai,0x6169,813.7462701268737
il,0x696c,1898.7118101971105
gt,0x6774,33.88029366872406
ha,0x6861,1631.2963330155103
ya,0x7961,222.65456700829884
la,0x6c61,2625.943910068078
sa,0x7361,906.7180420480983
nc,0x6e63,1345.8349552897334
ce,0x6365,1588.481549371483
ss,0x7373,2174.088714089377
ak,0x616b,369.9409611556241
ku,0x6b75,49.98006768362687
um,0x756d,884.3375869614478
mo,0x6d6f,1227.2096973008065
ov,0x6f76,683.8865544462291
v ,0x7620,25.21118458377639
ie,0x6965,1462.6025470461714
lo,0x6c6f,2042.6367130665988
ne,0x6e65,3461.4514132041054
am,0x616d,1193.5947845224382
ma,0x6d61,1977.2645537423502
mp,0x6d70,704.497803597176
p ,0x7020,311.026403496694
pe,0x7065,1773.5404902460803
ps,0x7073,363.9256609742318
bl,0x626c,1252.9516436652941
dl,0x646c,324.91467009196725
ee,0x6565,939.5368121554003
rs,0x7273,1186.6064210764087
nm,0x6e6d,150.5594251283769
me,0x6d65,1898.7118101971105
ts,0x7473,559.24599627591
du,0x6475,350.2143149725288
m ,0x6d20,1026.9355853791583
et,0x6574,1888.80425695717
nn,0x6e6e,497.58916941663927
ap,0x6170,1063.469687951438
pi,0x7069,1038.7008048515872
pt,0x7074,440.3553573966276
tu,0x7475,737.1396531109076
mb,0x6d62,467.24728761932244
rb,0x7262,313.6802124002494
rt,0x7274,986.2438488579752
hr,0x6872,447.3437208426568
os,0x6f73,1597.946801127497
dn,0x646e,165.50921528507237
em,0x656d,1274.8013369712335
sg,0x7367,26.715009629124452
gi,0x6769,829.6691235482062
sh,0x7368,1288.6896035665068
sl,0x736c,400.282842952941
hm,0x686d,98.72169121226125
sk,0x736b,225.92759798935055
ta,0x7461,2152.2390207834374
iz,0x697a,799.5926226412449
ze,0x7a65,618.602855418766
tr,0x7472,2031.6676362652365
tj,0x746a,6.280681071747803
ou,0x6f75,2113.4934107915283
AT,0x4154,8.22680760102177
TS,0x5453,9.199870865658752
tt,0x7474,733.9550824266411
ir,0x6972,855.9418316934048
ue,0x7565,405.8558416504073
av,0x6176,421.2479332910287
az,0x617a,165.06691380114648
bb,0x6262,191.4280822431302
b ,0x6220,74.04126840919592
cy,0x6379,324.29544801447105
om,0x6f6d,1675.5264814081004
id,0x6964,1452.2526923223054
no,0x6e6f,1974.964586025936
ey,0x6579,287.40750425505087
ys,0x7973,359.76802702532837
y',0x7927,32.55338921694636
ev,0x6576,409.128872631459
vi,0x7669,849.1303888409459
by,0x6279,85.364186397699
yv,0x7976,13.711346001702951
oc,0x6f63,1068.6003851649782
cc,0x6363,237.25051597785364
tc,0x7463,198.32798539237425
tn,0x746e,78.6412038420253
nu,0x6e75,330.7530496797892
iu,0x6975,228.84678778326148
t',0x7427,52.98771777432301
sf,0x7366,50.24544857398242
fo,0x666f,619.4874583866177
ip,0x6970,729.7089881809525
ow,0x6f77,641.1602310989869
wn,0x776e,175.06292733787183
ud,0x7564,401.2559062175779
oz,0x6f7a,79.34888621630674
zz,0x7a7a,61.21452537534478
zo,0x7a6f,174.97446704108665
BB,0x4242,0.9730632646369834
BR,0x4252,1.8576662324887865
br,0x6272,654.4292756167639
ry,0x7279,793.223481272712
oa,0x6f61,404.26355630827413
BC,0x4243,3.096110387481311
bc,0x6263,35.56103930764249
Cs,0x4373,0.17692059357036063
-e,0x2d65,180.1936245514123
l-,0x6c2d,331.54919235085583
-K,0x2d4b,1.946126529273967
Ka,0x4b61,61.21452537534478
Kr,0x4b72,16.27669460847318
im,0x696d,868.2378129465449
ld,0x6c64,364.5448830517281
iv,0x6976,841.1689621302796
mi,0x6d69,1797.5132306748642
oh,0x6f68,112.96379899467527
hy,0x6879,742.3588106212333
ec,0x6563,1318.235342692757
my,0x6d79,253.17336939918607
op,0x6f70,1448.2719789669723
py,0x7079,160.11313718117637
ho,0x686f,1546.7282892888777
o-,0x6f2d,280.50760110580677
-u,0x2d75,42.99170423759764
ut,0x7574,998.2744492207598
uc,0x7563,477.5971423431885
r',0x7227,51.48389272897494
-A,0x2d41,6.988363446029245
Az,0x417a,5.307617807110819
zi,0x7a69,232.20827906109832
z ,0x7a20,50.95313094826386
eb,0x6562,316.2455610070196
dg,0x6467,122.34059045390437
eg,0x6567,442.0361030355461
gg,0x6767,231.67751728038726
ei,0x6569,492.90077368702475
ig,0x6967,814.9847142818662
BE,0x4245,2.9191897939109506
EL,0x454c,3.1845706842664914
lm,0x6c6d,161.61696222652444
mu,0x6d75,389.13684555800825
ds,0x6473,273.1653964726368
ez,0x657a,55.11076489716734
zr,0x7a72,1.946126529273967
eo,0x656f,537.5732235635408
ok,0x6f6b,237.42743657142398
ep,0x6570,847.5381034988126
ym,0x796d,232.7390408418094
EP,0x4550,3.626872168192393
PP,0x5050,3.2730309810516722
rc,0x7263,579.1495630525756
cr,0x6372,835.0652016521021
uv,0x7576,47.50317937364183
rf,0x7266,155.95550323227292
fa,0x6661,415.2326331096364
gl,0x676c,570.6573745611983
ub,0x7562,549.869204816681
tw,0x7477,199.21258836022608
wy,0x7779,19.195884402384127
yt,0x7974,211.24318872301058
rn,0x726e,527.5772100268155
tl,0x746c,366.6679301745724
tm,0x746d,89.78720123695803
eu,0x6575,437.96692938342767
bf,0x6266,13.003663627421508
BF,0x4246,1.2384441549925245
FM,0x464d,2.299967716414688
bg,0x6267,8.049887007451408
BH,0x4248,1.149983858207344
HC,0x4843,1.5038250453480653
bh,0x6268,16.71899609239908
nr,0x6e72,193.55112936597456
ek,0x656b,95.18327934085401
ib,0x6962,471.0510803810852
BI,0x4249,3.3614912778368518
gn,0x676e,274.31538033084416
dj,0x646a,28.838056751968782
ja,0x6a61,133.0442863649112
yd,0x7964,144.2787440566291
ih,0x6968,43.96476750223462
yi,0x7969,153.65553551585822
ij,0x696a,16.6305357956139
yl,0x796c,376.57548341451263
ao,0x616f,42.46094245688655
yn,0x796e,254.58873414774897
ty,0x7479,737.6704148916186
gd,0x6764,14.949790156695475
oe,0x6f65,296.25353393356886
ny,0x6e79,196.47031915988552
gy,0x6779,191.87038372705612
ph,0x7068,1524.4362944990123
iq,0x6971,49.27238530934543
qu,0x7175,670.9713511155927
ui,0x7569,448.6706252944345
sm,0x736d,727.1436395741822
ms,0x6d73,191.78192343027095
ob,0x6f62,479.01250709175133
s',0x7327,5.926839884607082
ix,0x6978,90.93718509516536
xa,0x7861,101.81780159974254
bj,0x626a,26.09578755162819
je,0x6a65,103.14470605152025
ju,0x6a75,137.9096026880961
ug,0x7567,298.64196194676873
bk,0x626b,4.423014839259015
kh,0x6b68,49.98006768362687
l.,0x6c2e,9.199870865658752
e-,0x652d,754.3894109840178
od,0x6f64,819.0538879339846
-m,0x2d6d,168.25148448541296
sy,0x7379,288.82286900361373
ew,0x6577,271.04234934979246
wh,0x7768,178.24749802213836
ke,0x6b65,906.0988199706021
gs,0x6773,171.17067427932392
oo,0x6f6f,929.8946398058156
w ,0x7720,130.21355686778543
BL,0x424c,2.299967716414688
LS,0x4c53,3.8037927617627534
BM,0x424d,3.626872168192393
bm,0x626d,22.026613899509897
mh,0x6d68,8.31526789780695
bn,0x626e,17.868979950606423
ki,0x6b69,528.2848924010968
rv,0x7276,198.1510647988039
rm,0x726d,694.9440915443765
lc,0x6c63,131.62892161634832
ln,0x6c6e,109.95614890397913
e',0x6527,57.85303409750792
dy,0x6479,202.92792082520364
ux,0x7578,44.4955292829457
x ,0x7820,109.33692682648288
r-,0x722d,293.9535662171542
if,0x6966,617.2759509669883
kr,0x6b72,35.118737823716586
ht,0x6874,333.1414776929891
uk,0x756b,63.072191607833574
zk,0x7a6b,3.0076500906961305
t-,0x742d,328.09924077623384
-f,0x2d66,253.52721058632676
-s,0x2d73,439.3822941319907
pp,0x7070,406.7404446182591
-c,0x2d63,327.5684789955227
-g,0x2d67,128.79819211922253
gr,0x6772,741.0319061694555
-n,0x2d6e,64.92985784032236
pr,0x7072,1479.675384325711
of,0x6f66,279.71145843474017
-q,0x2d71,9.022950272088393
uo,0x756f,102.52548397402398
-r,0x2d72,169.13608745326476
-w,0x2d77,167.80918300148707
wa,0x7761,545.8884914613477
wr,0x7772,90.3179630176691
ox,0x6f78,196.55877945667063
bp,0x6270,18.399741731317505
BP,0x4250,1.946126529273967
PC,0x5043,6.457601665318164
bq,0x6271,0.9730632646369834
qa,0x7161,2.299967716414688
q ,0x7120,3.1845706842664914
m-,0x6d2d,53.96078103895999
gm,0x676d,78.90658473238085
up,0x7570,527.6656703236006
uz,0x757a,32.46492892016118
BS,0x4253,11.2344576917179
bs,0x6273,149.94020305088065
SB,0x5342,3.626872168192393
sr,0x7372,28.57267586161324
yr,0x7972,202.75100023163327
za,0x7a61,242.91197497210518
ef,0x6566,383.2100056734011
bt,0x6274,48.03394115435291
rp,0x7270,346.2336016171958
sq,0x7371,103.41008694187579
sn,0x736e,266.0885727298224
u-,0x752d,9.642172349584655
-B,0x2d42,4.776856026399737
Be,0x4265,83.41805986842503
fe,0x6665,562.6074875537469
zu,0x7a75,15.038250453480655
fu,0x6675,392.1444956487043
bv,0x6276,13.003663627421508
bw,0x6277,7.607585523525507
c-,0x632d,13.180584220991866
AC,0x4143,12.472901846710425
C/,0x432f,0.5307617807110818
/D,0x2f44,0.6192220774962622
DC,0x4443,5.926839884607082
CA,0x4341,10.792156207791999
Ac,0x4163,26.272708145198553
cs,0x6373,94.82943815371331
aj,0x616a,36.71102316584983
yc,0x7963,216.6392668269066
yp,0x7970,349.1527914111067
h-,0x682d,144.01336316627356
pa,0x7061,1214.2944939701704
yg,0x7967,85.45264669448419
pn,0x706e,51.74927361933048
pu,0x7075,382.7677041894752
AW,0x4157,1.3269044517777047
WS,0x5753,2.0345868260591473
CB,0x4342,2.6538089035554093
CC,0x4343,9.553712052799474
c.,0x632e,3.8037927617627534
oy,0x6f79,125.70208173174123
mm,0x6d6d,357.3795990121285
pl,0x706c,748.9933328801218
CR,0x4352,4.776856026399737
RA,0x5241,7.961426710666228
CS,0x4353,11.32291798850308
CT,0x4354,5.307617807110819
t.,0x742e,12.915203330636327
CD,0x4344,4.865316323184917
DA,0x4441,6.015300181392261
C-,0x432d,0.7961426710666228
CE,0x4345,3.980713355333114
eq,0x6571,92.08716895337271
fi,0x6669,757.3086007779287
-h,0x2d68,194.34727203704117
y-,0x792d,233.44672321609082
rl,0x726c,344.11055449435145
vu,0x7675,42.19556156653101
dr,0x6472,541.2885560285184
tb,0x7462,51.48389272897494
fy,0x6679,89.69874094017284
nz,0x6e7a,61.47990626570032
fl,0x666c,428.5016776274134
lg,0x6c67,86.95647173983224
lh,0x6c68,28.130374377687346
lp,0x6c70,146.57871177304378
lr,0x6c72,22.20353449308026
xy,0x7879,68.37980941494439
tp,0x7470,37.064864352990554
CF,0x4346,2.9191897939109506
CG,0x4347,1.415364748562885
GI,0x4749,1.6807456389184259
CH,0x4348,1.946126529273967
gu,0x6775,395.6829075201116
kz,0x6b7a,0.2653808903555409
HE,0x4845,2.1230471228443273
EF,0x4546,2.0345868260591473
FT,0x4654,3.0076500906961305
we,0x7765,558.3613933080582
-y,0x2d79,16.188234311688
hk,0x686b,9.730632646369834
aw,0x6177,245.21194268851983
wi,0x7769,519.6157833161492
ex,0x6578,518.6427200515121
xt,0x7874,122.87135223461546
sp,0x7370,877.7030647025591
dh,0x6468,51.926194212900846
dp,0x6470,17.33821816989534
CK,0x434b,0.2653808903555409
K ,0x4b20,3.096110387481311
k-,0x6b2d,122.78289193783026
nv,0x6e76,193.81651025633008
kl,0x6b6c,131.89430250670387
km,0x6b6d,25.918866958057833
kn,0x6b6e,90.67180420480982
wl,0x776c,66.78752407281114
kt,0x6b74,28.130374377687346
kw,0x6b77,29.988040610176128
CL,0x434c,4.511475136044196
LU,0x4c55,1.415364748562885
CM,0x434d,5.926839884607082
cm,0x636d,4.953776619970098
cn,0x636e,20.611249150947014
CO,0x434f,7.430664929955146
kb,0x6b62,24.680422803065312
OF,0x4f46,2.0345868260591473
n-,0x6e2d,304.3034209410203
CP,0x4350,4.865316323184917
cp,0x6370,3.1845706842664914
cq,0x6371,19.54972558952485
-i,0x2d69,89.69874094017284
RN,0x524e,2.6538089035554093
NE,0x4e45,6.457601665318164
EM,0x454d,4.511475136044196
MA,0x4d41,9.288331162443933
yx,0x7978,18.665122621673046
yo,0x796f,169.0476271564796
m',0x6d27,10.438315020651276
RV,0x5256,0.6192220774962622
SE,0x5345,7.6960458203106885
SN,0x534e,3.5384118714072126
ET,0x4554,6.192220774962622
SU,0x5355,2.565348606770229
tg,0x7467,26.980390519479997
g.,0x672e,5.926839884607082
TH,0x5448,0.8846029678518031
g-,0x672d,107.21387970363854
-o,0x2d6f,106.41773703257194
nl,0x6e6c,174.08986407323485
-l,0x2d6c,187.8012100749378
TP,0x5450,3.626872168192393
PU,0x5055,1.7692059357036063
TU,0x5455,1.946126529273967
CU,0x4355,1.946126529273967
hn,0x686e,107.56772089077926
i-,0x692d,157.45932827762095
CV,0x4356,1.5038250453480653
CW,0x4357,1.415364748562885
WA,0x5741,3.8037927617627534
cw,0x6377,1.7692059357036063
WP,0x5750,0.7076823742814425
cx,0x6378,0.17692059357036063
xo,0x786f,72.71436395741823
AD,0x4144,5.926839884607082
Ad,0x4164,23.707359538428328
-E,0x2d45,3.1845706842664914
Ev,0x4576,10.084473833510556
Ea,0x4561,7.784506117095868
zl,0x7a6c,27.51115230019108
DB,0x4442,2.299967716414688
CI,0x4349,5.57299869746636
dc,0x6463,19.195884402384127
DD,0x4444,3.5384118714072126
d.,0x642e,5.219157510325638
rw,0x7277,93.14869251479487
DE,0x4445,4.511475136044196
EW,0x4557,1.3269044517777047
DF,0x4446,2.9191897939109506
df,0x6466,33.34953188801298
fr,0x6672,305.2764842056573
FR,0x4652,3.1845706842664914
RF,0x5246,1.8576662324887865
DI,0x4449,5.4845384006811795
ko,0x6b6f,115.61760789823067
IZ,0x495a,0.08846029678518032
Z ,0x5a20,1.415364748562885
j ,0x6a20,4.688395729614556
j.,0x6a2e,0.4423014839259016
ji,0x6a69,43.69938661187908
jt,0x6a74,0.35384118714072127
dk,0x646b,5.749919291036721
DM,0x444d,3.2730309810516722
dm,0x646d,67.49520644709258
m.,0x6d2e,4.334554542473835
MD,0x4d44,3.892253058547934
l',0x6c27,17.603599060250886
mr,0x6d72,15.569012234191735
rx,0x7278,1.8576662324887865
DN,0x444e,2.3884280131998685
N ,0x4e20,14.330568079199212
DP,0x4450,3.3614912778368518
p-,0x702d,73.59896692527002
dq,0x6471,1.415364748562885
q-,0x712d,0.17692059357036063
mt,0x6d74,10.526775317436458
ws,0x7773,72.27206247349233
DS,0x4453,6.988363446029245
SP,0x5350,9.288331162443933
SR,0x5352,5.307617807110819
DT,0x4454,3.449951574622032
dt,0x6474,20.965090338087734
uw,0x7577,5.219157510325638
v.,0x762e,2.7422692003405897
b',0x6227,3.8037927617627534
vt,0x7674,1.3269044517777047
dz,0x647a,5.4845384006811795
zh,0x7a68,4.069173652118295
e.,0x652e,1.415364748562885
EA,0x4541,4.246094245688655
Ae,0x4165,11.32291798850308
EC,0x4543,6.811442852458885
EG,0x4547,1.5038250453480653
IS,0x4953,10.438315020651276
oj,0x6f6a,16.71899609239908
n.,0x6e2e,4.334554542473835
nk,0x6e6b,260.07327254843017
ES,0x4553,5.4845384006811795
c',0x6327,4.334554542473835
EU,0x4555,1.0615235614221636
f-,0x662d,245.4773235788754
Af,0x4166,5.926839884607082
f.,0x662e,2.476888309985049
FA,0x4641,3.980713355333114
TD,0x5444,2.6538089035554093
FB,0x4642,1.0615235614221636
FC,0x4643,2.6538089035554093
fd,0x6664,3.8037927617627534
np,0x6e70,228.84678778326148
vy,0x7679,22.557375680220982
ml,0x6d6c,38.83407028869416
xm,0x786d,3.626872168192393
tf,0x7466,72.71436395741823
fg,0x6667,2.476888309985049
FG,0x4647,0.7961426710666228
GE,0x4745,1.7692059357036063
FI,0x4649,3.0076500906961305
IP,0x4950,5.219157510325638
FL,0x464c,2.1230471228443273
LC,0x4c43,4.157633948903475
IO,0x494f,2.7422692003405897
L-,0x4c2d,0.6192220774962622
-C,0x2d43,9.376791459229112
FN,0x464e,0.6192220774962622
NO,0x4e4f,1.946126529273967
OR,0x4f52,3.8037927617627534
-k,0x2d6b,29.014977345539144
FP,0x4650,1.7692059357036063
Am,0x416d,42.018640972960654
As,0x4173,33.791833371938885
Cu,0x4375,22.64583597700616
FS,0x4653,3.892253058547934
SC,0x5343,10.261394427080916
ME,0x4d45,3.980713355333114
fs,0x6673,32.376468623376
SK,0x534b,0.6192220774962622
wt,0x7774,16.6305357956139
lk,0x6c6b,109.33692682648288
sw,0x7377,163.38616816222805
sd,0x7364,32.28800832659081
TR,0x5452,2.7422692003405897
FU,0x4655,0.7076823742814425
UU,0x5555,0.7076823742814425
fw,0x6677,3.8037927617627534
fz,0x667a,0.5307617807110818
Ag,0x4167,18.311281434532326
nb,0x6e62,145.51718821162163
uy,0x7579,18.045900544176785
nw,0x6e77,93.23715281158006
lw,0x6c77,33.52645248158334
mn,0x6d6e,99.87167507046857
gb,0x6762,20.611249150947014
GC,0x4743,2.299967716414688
gc,0x6763,4.334554542473835
y.,0x792e,0.8846029678518031
GD,0x4744,0.6192220774962622
-j,0x2d6a,29.722659719820584
nf,0x6e66,328.98384374408556
pm,0x706d,21.407391822013636
gk,0x676b,4.776856026399737
GM,0x474d,1.7692059357036063
GN,0x474e,0.7076823742814425
gp,0x6770,6.7229825556737035
GR,0x4752,1.5922853421332457
yz,0x797a,22.11507419629508
uf,0x7566,109.95614890397913
GS,0x4753,2.0345868260591473
GU,0x4755,0.5307617807110818
uj,0x756a,9.996013536725375
gw,0x6777,21.49585211879882
AH,0x4148,0.7076823742814425
HA,0x4841,3.096110387481311
Ah,0x4168,5.219157510325638
mk,0x6d6b,4.688395729614556
yu,0x7975,21.230471228443275
hc,0x6863,12.207520956354884
hd,0x6864,15.038250453480655
hg,0x6867,7.872966413881048
HL,0x484c,1.2384441549925245
uh,0x7568,14.242107782414031
HQ,0x4851,0.4423014839259016
Q ,0x5120,2.6538089035554093
HS,0x4853,2.476888309985049
SA,0x5341,11.411378285288261
zd,0x7a64,2.299967716414688
uu,0x7575,7.165284039599606
hv,0x6876,6.280681071747803
hw,0x6877,44.84937047008642
AY,0x4159,0.4423014839259016
Y ,0x5920,2.565348606770229
IA,0x4941,4.334554542473835
Ay,0x4179,3.8037927617627534
Ai,0x4169,7.607585523525507
IC,0x4943,7.165284039599606
ID,0x4944,4.069173652118295
IE,0x4945,1.946126529273967
-v,0x2d76,38.83407028869416
IF,0x4946,3.5384118714072126
IH,0x4948,0.6192220774962622
YH,0x5948,0.35384118714072127
yy,0x7979,1.5038250453480653
IM,0x494d,5.130697213540458
mf,0x6d66,23.265058054502425
mw,0x6d77,9.111410568873573
In,0x496e,25.918866958057833
nh,0x6e68,141.80185574664407
't,0x2774,3.892253058547934
OD,0x4f44,2.6538089035554093
IR,0x4952,4.246094245688655
wm,0x776d,14.949790156695475
xp,0x7870,99.7832147736834
d',0x6427,16.27669460847318
k',0x6b27,7.872966413881048
p',0x7027,8.580648788162492
yb,0x7962,49.537766199700975
-M,0x2d4d,7.961426710666228
Ma,0x4d61,192.04730432062647
hb,0x6862,32.99569070087226
hp,0x6870,17.249757873110163
tk,0x746b,9.553712052799474
vr,0x7672,13.357504814562226
iw,0x6977,16.011313718117638
yw,0x7977,30.695722984457564
IX,0x4958,1.149983858207344
x-,0x782d,24.061200725569044
-P,0x2d50,5.66145899425154
Pr,0x5072,71.12207861528498
Ch,0x4368,120.4829242214156
Ba,0x4261,104.91391198722386
AJ,0x414a,0.35384118714072127
J ,0x4a20,2.7422692003405897
JA,0x4a41,0.7961426710666228
Aj,0x416a,1.149983858207344
JC,0x4a43,1.149983858207344
nj,0x6e6a,55.02230460038216
jh,0x6a68,0.5307617807110818
jm,0x6a6d,0.5307617807110818
AK,0x414b,0.7961426710666228
KA,0x4b41,0.35384118714072127
Ak,0x416b,6.811442852458885
zg,0x7a67,1.2384441549925245
KC,0x4b43,0.6192220774962622
kc,0x6b63,6.634522258888524
hz,0x687a,2.1230471228443273
ky,0x6b79,80.14502888737336
vs,0x7673,7.165284039599606
kk,0x6b6b,16.27669460847318
kp,0x6b70,14.507488672769572
kv,0x6b76,6.5460619621033445
LA,0x4c41,6.103760478177442
Al,0x416c,83.68344075878058
-F,0x2d46,2.1230471228443273
Fo,0x466f,23.08813746093206
mc,0x6d63,10.438315020651276
s.,0x732e,6.280681071747803
b.,0x622e,2.565348606770229
tv,0x7476,12.738282737065965
LB,0x4c42,1.6807456389184259
BO,0x424f,2.476888309985049
uq,0x7571,5.57299869746636
rq,0x7271,15.83439312454728
lz,0x6c7a,6.988363446029245
oq,0x6f71,31.13802446838347
Br,0x4272,78.6412038420253
fn,0x666e,5.307617807110819
-z,0x2d7a,2.299967716414688
LE,0x4c45,2.476888309985049
EX,0x4558,2.0345868260591473
XI,0x5849,0.7961426710666228
LF,0x4c46,1.3269044517777047
FE,0x4645,3.449951574622032
fh,0x6668,4.069173652118295
rj,0x726a,18.488202028102688
Fu,0x4675,12.915203330636327
yf,0x7966,22.4689153834358
-G,0x2d47,5.219157510325638
Ga,0x4761,63.33757249818912
LG,0x4c47,1.149983858207344
GO,0x474f,1.5038250453480653
OL,0x4f4c,2.299967716414688
nq,0x6e71,47.68009996721219
LI,0x4c49,3.1845706842664914
i',0x6927,0.7076823742814425
-W,0x2d57,0.7961426710666228
Wo,0x576f,15.303631343836194
-I,0x2d49,3.715332464977573
Is,0x4973,19.461265292739668
IT,0x4954,4.334554542473835
lj,0x6c6a,2.9191897939109506
k.,0x6b2e,1.149983858207344
-S,0x2d53,9.642172349584655
Se,0x5365,60.77222389141888
tz,0x747a,53.076178071108195
h',0x6827,4.511475136044196
Da,0x4461,58.20687528464865
-L,0x2d4c,4.953776619970098
La,0x4c61,87.84107470768406
o',0x6f27,5.66145899425154
xc,0x7863,61.39144596891513
z-,0x7a2d,3.1845706842664914
'i,0x2769,1.0615235614221636
yh,0x7968,20.345868260591473
'o,0x276f,0.7076823742814425
xu,0x7875,27.33423170662072
lx,0x6c78,1.0615235614221636
LM,0x4c4d,1.7692059357036063
At,0x4174,17.868979950606423
Ta,0x5461,65.54907991781862
rz,0x727a,16.98437698275462
Co,0x436f,123.9328757960376
LP,0x4c50,2.2115074196295077
-H,0x2d48,2.565348606770229
Ha,0x4861,95.97942201192065
PO,0x504f,4.157633948903475
lq,0x6c71,2.1230471228443273
LR,0x4c52,1.6807456389184259
RU,0x5255,1.149983858207344
rZ,0x725a,0.08846029678518032
Zc,0x5a63,0.08846029678518032
Lo,0x4c6f,51.57235302576012
Sa,0x5361,103.14470605152025
td,0x7464,19.01896380881377
-U,0x2d55,1.0615235614221636
Uz,0x557a,1.2384441549925245
MB,0x4d42,1.149983858207344
MC,0x4d43,4.511475136044196
md,0x6d64,9.996013536725375
DG,0x4447,0.6192220774962622
ED,0x4544,3.1845706842664914
Ra,0x5261,45.99935432829377
rI,0x7249,0.08846029678518032
ER,0x4552,4.334554542473835
RI,0x5249,4.688395729614556
TE,0x5445,3.449951574622032
rS,0x7253,0.17692059357036063
Sp,0x5370,34.587976043005504
mg,0x6d67,3.5384118714072126
MI,0x4d49,5.66145899425154
mE,0x6d45,0.35384118714072127
Me,0x4d65,87.57569381732851
hE,0x6845,0.9730632646369834
ML,0x4d4c,1.946126529273967
mM,0x6d4d,0.17692059357036063
MO,0x4d4f,4.776856026399737
MP,0x4d50,5.838379587821901
PA,0x5041,6.192220774962622
MR,0x4d52,3.1845706842664914
RO,0x524f,4.953776619970098
OC,0x4f43,5.3960781038959995
SW,0x5357,2.7422692003405897
MT,0x4d54,4.157633948903475
MU,0x4d55,1.6807456389184259
MV,0x4d56,1.5038250453480653
VE,0x5645,0.9730632646369834
mv,0x6d76,8.049887007451408
mz,0x6d7a,1.415364748562885
An,0x416e,96.6871043862021
AN,0x414e,5.042236916755278
NA,0x4e41,6.899903149244064
NC,0x4e43,4.511475136044196
-N,0x2d4e,3.3614912778368518
Ni,0x4e69,29.545739126250226
d/,0x642f,0.08846029678518032
/o,0x2f6f,0.2653808903555409
ND,0x4e44,2.6538089035554093
vk,0x766b,2.1230471228443273
nx,0x6e78,10.792156207791999
cd,0x6364,4.423014839259015
NF,0x4e46,1.6807456389184259
NG,0x4e47,1.149983858207344
Ca,0x4361,153.03631343836193
oC,0x6f43,0.35384118714072127
Fr,0x4672,43.876307205449436
Ir,0x4972,12.119060659569703
No,0x4e6f,46.972417592930746
hf,0x6866,26.538089035554098
NI,0x4e49,3.449951574622032
'd,0x2764,2.299967716414688
NL,0x4e4c,1.7692059357036063
Di,0x4469,46.353195515434486
Mu,0x4d75,30.60726268767239
wf,0x7766,14.242107782414031
OV,0x4f56,0.8846029678518031
VA,0x5641,2.7422692003405897
NP,0x4e50,2.6538089035554093
NS,0x4e53,4.334554542473835
NT,0x4e54,2.2115074196295077
TA,0x5441,6.369141368532983
zy,0x7a79,41.399418895464386
Ar,0x4172,77.57968028060314
Au,0x4175,24.238121319139406
Bi,0x4269,29.280358235894685
Bo,0x426f,68.37980941494439
Eu,0x4575,27.51115230019108
Ge,0x4765,44.23014839259016
Gr,0x4772,55.199225193952515
It,0x4974,9.376791459229112
-J,0x2d4a,2.83072949712577
Je,0x4a65,30.07650090696131
Ju,0x4a75,24.32658161592459
Le,0x4c65,69.35287267958137
Ne,0x4e65,56.349209052159864
-O,0x2d4f,1.149983858207344
Or,0x4f72,31.934167139450096
xl,0x786c,7.430664929955146
Pl,0x506c,27.77653319054662
Po,0x506f,63.86833427890019
Pu,0x5075,17.249757873110163
q.,0x712e,1.5038250453480653
Ru,0x5275,25.653486067702293
Sc,0x5363,54.580003116456254
Sl,0x536c,10.261394427080916
So,0x536f,34.67643633979068
Sw,0x5377,11.411378285288261
Tr,0x5472,55.818447271448775
zw,0x7a77,1.7692059357036063
NU,0x4e55,2.0345868260591473
NZ,0x4e5a,0.4423014839259016
ZU,0x5a55,0.08846029678518032
US,0x5553,6.457601665318164
OA,0x4f41,2.476888309985049
Ao,0x416f,1.415364748562885
OK,0x4f4b,0.5307617807110818
OP,0x4f50,4.688395729614556
OQ,0x4f51,0.35384118714072127
OS,0x4f53,8.22680760102177
OU,0x4f55,0.7961426710666228
OW,0x4f57,1.415364748562885
Ap,0x4170,18.222821137747147
PB,0x5042,1.415364748562885
PD,0x5044,3.2730309810516722
DU,0x4455,1.7692059357036063
PE,0x5045,3.8037927617627534
pf,0x7066,16.71899609239908
PG,0x5047,1.3269044517777047
pg,0x7067,6.634522258888524
PI,0x5049,3.5384118714072126
PJ,0x504a,0.08846029678518032
pj,0x706a,1.946126529273967
PM,0x504d,2.83072949712577
pk,0x706b,8.22680760102177
pd,0x7064,8.40372819459213
x',0x7827,0.8846029678518031
x.,0x782e,1.0615235614221636
PR,0x5052,3.5384118714072126
wk,0x776b,20.434328557376652
PT,0x5054,2.7422692003405897
px,0x7078,0.08846029678518032
AQ,0x4151,0.4423014839259016
Aq,0x4171,2.3884280131998685
QL,0x514c,0.5307617807110818
Lu,0x4c75,32.111087733020454
cb,0x6362,1.946126529273967
cf,0x6366,1.2384441549925245
h.,0x682e,4.334554542473835
pb,0x7062,19.63818588631003
hj,0x686a,1.946126529273967
wu,0x7775,11.2344576917179
CN,0x434e,2.6538089035554093
sj,0x736a,6.5460619621033445
RE,0x5245,4.953776619970098
EN,0x454e,2.1230471228443273
zv,0x7a76,1.415364748562885
fv,0x6676,0.17692059357036063
tM,0x744d,0.17692059357036063
z.,0x7a2e,1.149983858207344
kd,0x6b64,6.899903149244064
RM,0x524d,3.096110387481311
Jo,0x4a6f,32.730309810516715
'n,0x276e,1.0615235614221636
RQ,0x5251,0.4423014839259016
RR,0x5252,1.2384441549925245
RL,0x524c,1.7692059357036063
w-,0x772d,91.29102628230609
wb,0x7762,23.707359538428328
wp,0x7770,9.819092943155015
ww,0x7777,7.519125226740328
RS,0x5253,6.369141368532983
SM,0x534d,6.5460619621033445
RT,0x5254,4.334554542473835
TC,0x5443,4.334554542473835
vA,0x7641,0.08846029678518032
/B,0x2f42,0.2653808903555409
IG,0x4947,1.3269044517777047
GA,0x4741,2.83072949712577
CQ,0x4351,0.17692059357036063
SD,0x5344,6.280681071747803
SG,0x5347,2.2115074196295077
SH,0x5348,2.6538089035554093
HR,0x4852,1.0615235614221636
Ly,0x4c79,15.392091640621377
wg,0x7767,4.511475136044196
kj,0x6b6a,3.096110387481311
SL,0x534c,4.069173652118295
N1,0x4e31,0.08846029678518032
ST,0x5354,7.253744336384786
TM,0x544d,2.7422692003405897
SV,0x5356,1.6807456389184259
sz,0x737a,5.219157510325638
T&,0x5426,0.17692059357036063
&T,0x2654,0.17692059357036063
t/,0x742f,0.2653808903555409
/m,0x2f6d,0.35384118714072127
/W,0x2f57,0.35384118714072127
Wb,0x5762,0.6192220774962622
TB,0x5442,1.5922853421332457
DR,0x4452,2.476888309985049
TF,0x5446,2.476888309985049
-V,0x2d56,1.0615235614221636
Ve,0x5665,28.92651704875396
TI,0x5449,2.9191897939109506
TK,0x544b,0.35384118714072127
TL,0x544c,2.299967716414688
Ce,0x4365,33.7033730751537
TN,0x544e,2.0345868260591473
TO,0x544f,4.423014839259015
OM,0x4f4d,3.8037927617627534
P2,0x5032,0.17692059357036063
TT,0x5454,3.096110387481311
TV,0x5456,2.2115074196295077
UA,0x5541,1.7692059357036063
UC,0x5543,2.299967716414688
UD,0x5544,1.5038250453480653
UE,0x5545,0.5307617807110818
fk,0x666b,2.1230471228443273
fm,0x666d,5.4845384006811795
UI,0x5549,1.5922853421332457
UM,0x554d,0.7076823742814425
UR,0x5552,1.149983858207344
gz,0x677a,1.5038250453480653
Hu,0x4875,27.95345378411698
o.,0x6f2e,1.946126529273967
UT,0x5554,1.7692059357036063
IN,0x494e,4.157633948903475
VO,0x564f,1.415364748562885
ON,0x4f4e,2.2115074196295077
UX,0x5558,0.35384118714072127
XF,0x5846,0.2653808903555409
xv,0x7876,1.3269044517777047
v-,0x762d,0.7961426710666228
Av,0x4176,9.465251756014295
VC,0x5643,1.415364748562885
VD,0x5644,1.3269044517777047
vd,0x7664,1.415364748562885
vg,0x7667,1.0615235614221636
jj,0x6a6a,0.7961426710666228
VL,0x564c,0.8846029678518031
vl,0x766c,3.5384118714072126
VM,0x564d,1.8576662324887865
vn,0x766e,2.3884280131998685
db,0x6462,37.86100702405718
Aw,0x4177,0.7961426710666228
WB,0x5742,0.7076823742814425
wd,0x7764,27.68807289376144
WE,0x5745,0.7961426710666228
WG,0x5747,0.6192220774962622
WK,0x574b,0.17692059357036063
WL,0x574c,0.5307617807110818
g',0x6727,8.13834730423659
WO,0x574f,0.9730632646369834
WU,0x5755,0.6192220774962622
Ax,0x4178,1.5922853421332457
XA,0x5841,0.2653808903555409
xb,0x7862,4.776856026399737
xf,0x7866,4.599935432829376
xh,0x7868,20.345868260591473
xs,0x7873,9.376791459229112
xw,0x7877,3.5384118714072126
AZ,0x415a,0.08846029678518032
zb,0x7a62,3.5384118714072126
zn,0x7a6e,2.299967716414688
zp,0x7a70,1.7692059357036063
zt,0x7a74,2.476888309985049
 B,0x2042,474.41257165892205
B-,0x422d,0.7961426710666228
.E,0x2e45,1.946126529273967
E.,0x452e,2.299967716414688
Ed,0x4564,15.657472530976916
 b,0x2062,1678.0033697180854
.f,0x2e66,0.2653808903555409
Li,0x4c69,54.40308252288589
Ph,0x5068,49.449305902915796
.T,0x2e54,1.3269044517777047
T.,0x542e,1.415364748562885
B/,0x422f,0.9730632646369834
/E,0x2f45,0.08846029678518032
/L,0x2f4c,0.35384118714072127
/R,0x2f52,0.08846029678518032
/S,0x2f53,0.4423014839259016
B9,0x4239,0.08846029678518032
91,0x3931,0.17692059357036063
'-,0x272d,2.3884280131998685
kf,0x6b66,18.93050351202859
kg,0x6b67,3.8037927617627534
Wt,0x5774,0.17692059357036063
En,0x456e,20.080487370235936
FO,0x464f,2.7422692003405897
gE,0x6745,0.4423014839259016
gf,0x6766,12.384441549925244
gS,0x6753,0.08846029678518032
'u,0x2775,0.35384118714072127
f',0x6627,2.3884280131998685
u',0x7527,1.7692059357036063
jr,0x6a72,1.149983858207344
UN,0x554e,2.83072949712577
sE,0x7345,0.17692059357036063
pc,0x7063,12.826743033851146
xr,0x7872,1.3269044517777047
pA,0x7041,0.08846029678518032
wc,0x7763,7.430664929955146
St,0x5374,69.17595208601101
yk,0x796b,11.05753709814754
-Q,0x2d51,0.35384118714072127
Qw,0x5177,0.08846029678518032
qw,0x7177,0.2653808903555409
Rh,0x5268,18.399741731317505
Py,0x5079,12.295981253140065
Te,0x5465,48.29932204470845
BN,0x424e,1.149983858207344
BX,0x4258,0.4423014839259016
XR,0x5852,0.2653808903555409
rE,0x7245,0.35384118714072127
Bc,0x4263,0.17692059357036063
mS,0x6d53,0.08846029678518032
PL,0x504c,3.0076500906961305
BD,0x4244,1.3269044517777047
Bd,0x4264,0.7076823742814425
De,0x4465,66.16830199531488
fb,0x6662,4.069173652118295
fc,0x6663,3.892253058547934
Dn,0x446e,0.9730632646369834
LL,0x4c4c,2.3884280131998685
Ri,0x5269,29.457278829465043
Gu,0x4775,27.95345378411698
jy,0x6a79,0.5307617807110818
xd,0x7864,1.6807456389184259
-Z,0x2d5a,0.17692059357036063
Zv,0x5a76,0.08846029678518032
gq,0x6771,0.17692059357036063
Tw,0x5477,2.565348606770229
eS,0x6553,0.2653808903555409
Sh,0x5368,57.23381202001166
hT,0x6854,0.17692059357036063
'y,0x2779,0.4423014839259016
eV,0x6556,0.35384118714072127
vv,0x7676,4.865316323184917
FD,0x4644,1.8576662324887865
FH,0x4648,0.7076823742814425
HD,0x4844,1.3269044517777047
BG,0x4247,0.5307617807110818
eN,0x654e,0.17692059357036063
Bg,0x4267,0.08846029678518032
GP,0x4750,1.8576662324887865
Bh,0x4268,4.069173652118295
Gi,0x4769,26.891930222694814
'h,0x2768,0.35384118714072127
jp,0x6a70,0.4423014839259016
HP,0x4850,1.0615235614221636
HT,0x4854,0.35384118714072127
By,0x4279,5.926839884607082
lH,0x6c48,0.08846029678518032
He,0x4865,83.5065201652102
hq,0x6871,1.5038250453480653
zc,0x7a63,2.2115074196295077
cz,0x637a,5.307617807110819
jw,0x6a77,0.17692059357036063
w',0x7727,2.7422692003405897
dE,0x6445,0.35384118714072127
BY,0x4259,0.2653808903555409
YO,0x594f,0.35384118714072127
pv,0x7076,1.2384441549925245
pw,0x7077,19.01896380881377
SY,0x5359,1.149983858207344
YN,0x594e,0.35384118714072127
IU,0x4955,1.2384441549925245
YU,0x5955,0.2653808903555409
Bj,0x426a,0.5307617807110818
jn,0x6a6e,2.2115074196295077
Bk,0x426b,0.08846029678518032
Bl,0x426c,22.999677164146885
dA,0x6441,0.17692059357036063
To,0x546f,37.41870554013127
LD,0x4c44,2.1230471228443273
jv,0x6a76,0.17692059357036063
z',0x7a27,0.17692059357036063
zs,0x7a73,2.3884280131998685
LO,0x4c4f,3.715332464977573
OB,0x4f42,2.299967716414688
mq,0x6d71,0.7076823742814425
wj,0x776a,0.4423014839259016
wz,0x777a,2.1230471228443273
LT,0x4c54,2.9191897939109506
LV,0x4c56,0.7961426710666228
tE,0x7445,0.7961426710666228
MG,0x4d47,1.5038250453480653
Mg,0x4d67,0.6192220774962622
MJ,0x4d4a,0.2653808903555409
MW,0x4d57,0.8846029678518031
Bn,0x426e,0.08846029678518032
Mo,0x4d6f,79.87964799701783
Du,0x4475,29.280358235894685
zm,0x7a6d,3.449951574622032
MF,0x4d46,1.946126529273967
OG,0x4f47,1.3269044517777047
OT,0x4f54,4.599935432829376
xk,0x786b,0.17692059357036063
Pe,0x5065,72.97974484777376
PH,0x5048,1.6807456389184259
OE,0x4f45,1.8576662324887865
'e,0x2765,2.7422692003405897
RG,0x5247,1.3269044517777047
Bs,0x4273,0.08846029678518032
s/,0x732f,0.08846029678518032
eE,0x6545,0.17692059357036063
Bu,0x4275,45.822433734723404
sM,0x734d,0.17692059357036063
hM,0x684d,0.4423014839259016
DH,0x4448,0.7076823742814425
Hy,0x4879,22.20353449308026
Ec,0x4563,9.465251756014295
El,0x456c,40.95711741153848
lE,0x6c45,0.5307617807110818
SF,0x5346,3.626872168192393
Gp,0x4770,0.17692059357036063
dM,0x644d,0.17692059357036063
SJ,0x534a,0.6192220774962622
bR,0x6252,0.08846029678518032
Re,0x5265,45.20321165722714
dT,0x6454,0.08846029678518032
Mi,0x4d69,66.78752407281114
rN,0x724e,0.17692059357036063
NH,0x4e48,1.2384441549925245
Ho,0x486f,55.818447271448775
HN,0x484e,0.5307617807110818
Th,0x5468,48.29932204470845
TJ,0x544a,0.17692059357036063
BT,0x4254,1.6807456389184259
Bt,0x4274,0.08846029678518032
HU,0x4855,0.6192220774962622
TW,0x5457,1.2384441549925245
BU,0x4255,0.7076823742814425
u.,0x752e,0.5307617807110818
uA,0x7541,0.08846029678518032
UF,0x5546,0.5307617807110818
qs,0x7173,0.4423014839259016
BV,0x4256,1.0615235614221636
Ds,0x4473,0.2653808903555409
VY,0x5659,0.17692059357036063
BW,0x4257,1.2384441549925245
WC,0x5743,1.5038250453480653
WI,0x5749,1.8576662324887865
WM,0x574d,1.415364748562885
WR,0x5752,1.2384441549925245
WT,0x5754,0.8846029678518031
WV,0x5756,0.4423014839259016
bx,0x6278,0.2653808903555409
Bz,0x427a,0.17692059357036063
 C,0x2043,592.7724487574933
 c,0x2063,2851.2522859799324
.h,0x2e68,0.2653808903555409
.m,0x2e6d,0.2653808903555409
.o,0x2e6f,0.4423014839259016
c/,0x632f,0.4423014839259016
/-,0x2f2d,0.08846029678518032
/A,0x2f41,0.17692059357036063
/f,0x2f66,0.2653808903555409
/N,0x2f4e,0.08846029678518032
C3,0x4333,0.08846029678518032
3 ,0x3320,0.4423014839259016
'c,0x2763,0.7076823742814425
DV,0x4456,1.149983858207344
vc,0x7663,0.5307617807110818
aC,0x6143,0.08846029678518032
MM,0x4d4d,3.1845706842664914
nF,0x6e46,0.08846029678518032
Uk,0x556b,0.7961426710666228
-2,0x2d32,0.2653808903555409
22,0x3232,0.08846029678518032
VU,0x5655,0.35384118714072127
wq,0x7771,0.17692059357036063
Cc,0x4363,0.4423014839259016
Cl,0x436c,36.44564227549429
NY,0x4e59,1.0615235614221636
Cd,0x4364,0.4423014839259016
EV,0x4556,0.7076823742814425
DO,0x444f,3.0076500906961305
GB,0x4742,1.946126529273967
EI,0x4549,1.8576662324887865
Gl,0x476c,22.29199478986544
EO,0x454f,1.5922853421332457
EQ,0x4551,0.4423014839259016
VI,0x5649,1.415364748562885
FF,0x4646,1.8576662324887865
cg,0x6367,0.9730632646369834
GX,0x4758,0.08846029678518032
Mz,0x4d7a,0.17692059357036063
Pa,0x5061,100.31397655439447
hB,0x6842,0.17692059357036063
HI,0x4849,1.415364748562885
Hs,0x4873,1.0615235614221636
vw,0x7677,0.17692059357036063
gj,0x676a,1.2384441549925245
HO,0x484f,1.5038250453480653
Ci,0x4369,17.957440247391606
Cy,0x4379,20.52278885416183
IB,0x4942,1.415364748562885
aS,0x6153,0.2653808903555409
CY,0x4359,0.08846029678518032
mj,0x6d6a,1.8576662324887865
CJ,0x434a,0.35384118714072127
Fe,0x4665,22.64583597700616
LN,0x4c4e,0.9730632646369834
Cm,0x436d,0.2653808903555409
M-,0x4d2d,0.7961426710666228
MH,0x4d48,1.5038250453480653
MY,0x4d59,0.2653808903555409
YK,0x594b,0.08846029678518032
GT,0x4754,0.9730632646369834
Cn,0x436e,1.149983858207344
NM,0x4e4d,1.415364748562885
NN,0x4e4e,0.8846029678518031
NR,0x4e52,2.1230471228443273
--,0x2d2d,0.2653808903555409
Pi,0x5069,37.064864352990554
YL,0x594c,0.08846029678518032
OI,0x4f49,1.5922853421332457
xn,0x786e,1.3269044517777047
OO,0x4f4f,1.5922853421332457
Fl,0x466c,17.957440247391606
tq,0x7471,1.7692059357036063
PF,0x5046,0.9730632646369834
PW,0x5057,0.8846029678518031
Cr,0x4372,37.86100702405718
gv,0x6776,1.8576662324887865
RB,0x5242,2.2115074196295077
RD,0x5244,2.83072949712577
R-,0x522d,0.2653808903555409
RY,0x5259,0.08846029678518032
wv,0x7776,0.9730632646369834
Ct,0x4374,1.3269044517777047
kq,0x6b71,0.2653808903555409
UL,0x554c,0.5307617807110818
Cv,0x4376,0.08846029678518032
VR,0x5652,1.2384441549925245
VT,0x5654,1.3269044517777047
Cw,0x4377,0.2653808903555409
CX,0x4358,0.2653808903555409
CZ,0x435a,0.17692059357036063
Cz,0x437a,2.0345868260591473
 D,0x2044,301.73807233425003
 d,0x2064,1713.2105678385874
 ',0x2027,2.9191897939109506
.J,0x2e4a,0.35384118714072127
J.,0x4a2e,1.415364748562885
.t,0x2e74,0.2653808903555409
D/,0x442f,0.5307617807110818
D1,0x4431,0.08846029678518032
D2,0x4432,0.08846029678518032
D',0x4427,1.3269044517777047
'A,0x2741,1.3269044517777047
aM,0x614d,0.35384118714072127
MQ,0x4d51,0.08846029678518032
QA,0x5141,0.6192220774962622
WD,0x5744,0.7076823742814425
vp,0x7670,0.2653808903555409
Db,0x4462,0.08846029678518032
dB,0x6442,0.5307617807110818
Bm,0x426d,0.08846029678518032
m/,0x6d2f,0.5307617807110818
D-,0x442d,0.6192220774962622
Dd,0x4464,0.17692059357036063
DJ,0x444a,0.35384118714072127
DK,0x444b,0.17692059357036063
DL,0x444c,2.565348606770229
DX,0x4458,0.7076823742814425
EB,0x4542,0.7076823742814425
eB,0x6542,0.17692059357036063
eA,0x6541,0.17692059357036063
eF,0x6546,0.17692059357036063
Fa,0x4661,37.772546727272
eH,0x6548,0.08846029678518032
eK,0x654b,0.17692059357036063
Ko,0x4b6f,30.430342094102027
eL,0x654c,0.2653808903555409
LQ,0x4c51,0.08846029678518032
eM,0x654d,0.2653808903555409
eP,0x6550,0.17692059357036063
QN,0x514e,0.35384118714072127
eR,0x6552,0.2653808903555409
Ro,0x526f,64.13371516925574
Si,0x5369,51.66081332254531
eW,0x6557,0.08846029678518032
Wa,0x5761,51.74927361933048
XE,0x5845,0.2653808903555409
zf,0x7a66,0.5307617807110818
FW,0x4657,0.7961426710666228
Dh,0x4468,2.0345868260591473
HH,0x4848,0.35384118714072127
'H,0x2748,0.4423014839259016
'l,0x276c,2.2115074196295077
Dy,0x4479,5.307617807110819
i.,0x692e,0.7076823742814425
'I,0x2749,0.4423014839259016
Ib,0x4962,4.334554542473835
iB,0x6942,0.17692059357036063
iC,0x6943,0.17692059357036063
iG,0x6947,0.17692059357036063
Ig,0x4967,3.892253058547934
Su,0x5375,33.08415099765744
IY,0x4959,0.17692059357036063
IL,0x494c,2.0345868260591473
iM,0x694d,0.17692059357036063
Do,0x446f,45.733973437938225
IV,0x4956,0.7961426710666228
j-,0x6a2d,0.2653808903555409
Dj,0x446a,1.2384441549925245
JS,0x4a53,0.7076823742814425
JT,0x4a54,0.35384118714072127
Dm,0x446d,0.4423014839259016
MK,0x4d4b,0.2653808903555409
MZ,0x4d5a,0.08846029678518032
NB,0x4e42,1.0615235614221636
NX,0x4e58,0.35384118714072127
bz,0x627a,0.9730632646369834
OH,0x4f48,1.2384441549925245
OJ,0x4f4a,0.17692059357036063
'O,0x274f,0.4423014839259016
Os,0x4f73,14.684409266339934
vz,0x767a,0.5307617807110818
PN,0x504e,1.8576662324887865
DQ,0x4451,0.4423014839259016
QD,0x5144,0.4423014839259016
Dr,0x4472,17.249757873110163
SX,0x5358,0.6192220774962622
TG,0x5447,0.9730632646369834
uB,0x7542,0.17692059357036063
UK,0x554b,0.2653808903555409
KW,0x4b57,0.4423014839259016
uP,0x7550,0.08846029678518032
'U,0x2755,0.08846029678518032
Ur,0x5572,11.676759175643802
UV,0x5556,0.6192220774962622
Dv,0x4476,0.2653808903555409
VX,0x5658,0.2653808903555409
DW,0x4457,0.4423014839259016
Dw,0x4477,1.415364748562885
XT,0x5854,0.4423014839259016
DZ,0x445a,0.08846029678518032
Dz,0x447a,0.8846029678518031
 E,0x2045,247.51191040493453
 e,0x2065,1239.9479800378724
.g,0x2e67,0.35384118714072127
E9,0x4539,0.08846029678518032
Eb,0x4562,4.157633948903475
bN,0x624e,0.2653808903555409
E-,0x452d,0.2653808903555409
EH,0x4548,0.6192220774962622
Ee,0x4565,0.35384118714072127
Ef,0x4566,1.5038250453480653
fp,0x6670,3.0076500906961305
Eg,0x4567,5.3960781038959995
Gm,0x476d,0.35384118714072127
sA,0x7341,0.08846029678518032
Eh,0x4568,1.5038250453480653
HF,0x4846,1.0615235614221636
Ei,0x4569,4.953776619970098
Ey,0x4579,1.2384441549925245
jk,0x6a6b,1.0615235614221636
Ej,0x456a,0.08846029678518032
EJ,0x454a,0.08846029678518032
Ek,0x456b,0.9730632646369834
EK,0x454b,0.17692059357036063
KG,0x4b47,0.35384118714072127
KT,0x4b54,0.5307617807110818
Em,0x456d,13.357504814562226
Eo,0x456f,2.0345868260591473
Ep,0x4570,11.853679769214164
UB,0x5542,0.6192220774962622
fq,0x6671,0.08846029678518032
qp,0x7170,0.08846029678518032
Eq,0x4571,0.8846029678518031
QU,0x5155,0.4423014839259016
Er,0x4572,21.407391822013636
vI,0x7649,0.08846029678518032
Es,0x4573,15.038250453480655
Et,0x4574,7.607585523525507
UG,0x5547,0.9730632646369834
Ew,0x4577,1.415364748562885
Ex,0x4578,5.749919291036721
xg,0x7867,1.149983858207344
XP,0x5850,0.5307617807110818
xq,0x7871,1.149983858207344
xx,0x7878,0.7961426710666228
xz,0x787a,0.08846029678518032
Ez,0x457a,2.0345868260591473
 F,0x2046,200.89333399914452
 f,0x2066,1202.971575981667
.c,0x2e63,0.17692059357036063
.b,0x2e62,0.2653808903555409
.s,0x2e73,0.5307617807110818
.v,0x2e76,0.35384118714072127
.Z,0x2e5a,0.17692059357036063
Z.,0x5a2e,0.17692059357036063
qi,0x7169,1.5922853421332457
jd,0x6a64,1.2384441549925245
F-,0x462d,0.5307617807110818
FV,0x4656,0.35384118714072127
Vs,0x5673,0.2653808903555409
HM,0x484d,1.149983858207344
Fi,0x4669,24.503502209494947
FY,0x4659,0.35384118714072127
YA,0x5941,0.35384118714072127
Fy,0x4679,0.5307617807110818
YI,0x5949,0.08846029678518032
Ug,0x5567,1.6807456389184259
qh,0x7168,0.17692059357036063
YS,0x5953,0.8846029678518031
zG,0x7a47,0.08846029678518032
fj,0x666a,0.7961426710666228
Fj,0x466a,0.2653808903555409
dx,0x6478,0.08846029678518032
Mk,0x4d6b,0.17692059357036063
MN,0x4d4e,0.8846029678518031
Fn,0x466e,0.08846029678518032
Ti,0x5469,31.314945061953832
FQ,0x4651,0.17692059357036063
yj,0x796a,1.0615235614221636
T1,0x5431,0.35384118714072127
TZ,0x545a,0.08846029678518032
WH,0x5748,0.9730632646369834
IW,0x4957,0.8846029678518031
FX,0x4658,0.17692059357036063
FZ,0x465a,0.08846029678518032
ZS,0x5a53,0.17692059357036063
 G,0x2047,309.08027696742
.Q,0x2e51,0.2653808903555409
Q.,0x512e,0.7076823742814425
 g,0x2067,970.5863763269984
.u,0x2e75,0.08846029678518032
Oo,0x4f6f,1.415364748562885
jc,0x6a63,0.7076823742814425
Go,0x476f,44.58398957973088
Gb,0x4762,0.17692059357036063
BJ,0x424a,0.17692059357036063
BZ,0x425a,0.08846029678518032
Gc,0x4763,0.08846029678518032
/s,0x2f73,0.35384118714072127
Gd,0x4764,0.5307617807110818
jl,0x6a6c,0.4423014839259016
GF,0x4746,0.4423014839259016
G-,0x472d,0.8846029678518031
GG,0x4747,0.17692059357036063
GH,0x4748,0.5307617807110818
Gh,0x4768,3.096110387481311
HZ,0x485a,0.17692059357036063
Gy,0x4779,7.253744336384786
I',0x4927,0.5307617807110818
Gj,0x476a,0.2653808903555409
Gk,0x476b,0.35384118714072127
GK,0x474b,0.17692059357036063
KS,0x4b53,1.149983858207344
Gn,0x476e,2.7422692003405897
Ki,0x4b69,33.96875396550924
OX,0x4f58,0.2653808903555409
pE,0x7045,0.17692059357036063
GQ,0x4751,0.08846029678518032
Gs,0x4773,0.08846029678518032
Gt,0x4774,0.4423014839259016
GW,0x4757,0.4423014839259016
Gw,0x4777,2.9191897939109506
Gz,0x477a,0.17692059357036063
 H,0x2048,336.14912778368523
 h,0x2068,1314.69693082135
.a,0x2e61,0.17692059357036063
js,0x6a73,0.7961426710666228
Wy,0x5779,6.457601665318164
Na,0x4e61,43.69938661187908
'p,0x2770,0.4423014839259016
Vi,0x5669,29.89958031339095
HB,0x4842,0.6192220774962622
H-,0x482d,0.7961426710666228
Hb,0x4862,0.08846029678518032
Hd,0x4864,0.2653808903555409
qr,0x7172,0.7076823742814425
e!,0x6521,0.17692059357036063
! ,0x2120,0.17692059357036063
pz,0x707a,0.35384118714072127
HG,0x4847,0.7076823742814425
GV,0x4756,0.17692059357036063
Hi,0x4869,36.534102572279465
oD,0x6f44,0.08846029678518032
HJ,0x484a,0.17692059357036063
Hj,0x486a,0.17692059357036063
HK,0x484b,0.17692059357036063
KJ,0x4b4a,0.08846029678518032
Hl,0x486c,0.6192220774962622
LH,0x4c48,0.35384118714072127
qn,0x716e,0.08846029678518032
'm,0x276d,0.7076823742814425
Hr,0x4872,0.9730632646369834
RH,0x5248,0.7076823742814425
Ht,0x4874,0.2653808903555409
HV,0x4856,0.4423014839259016
Hv,0x4876,0.17692059357036063
HW,0x4857,0.5307617807110818
Hw,0x4877,0.6192220774962622
 i,0x2069,1205.360003994867
 y,0x2079,110.1330694975495
 -,0x202d,0.35384118714072127
 Y,0x2059,43.78784690866426
Y.,0x592e,0.7076823742814425
 I,0x2049,141.00571307557743
.e,0x2e65,0.2653808903555409
.q,0x2e71,0.17692059357036063
i/,0x692f,0.08846029678518032
/c,0x2f63,0.17692059357036063
I/,0x492f,0.08846029678518032
Ia,0x4961,3.0076500906961305
Ya,0x5961,14.772869563125113
qo,0x716f,0.2653808903555409
YB,0x5942,0.17692059357036063
I-,0x492d,0.7961426710666228
Ic,0x4963,5.130697213540458
Y-,0x592d,0.4423014839259016
YC,0x5943,0.35384118714072127
Id,0x4964,6.5460619621033445
Yd,0x5964,0.08846029678518032
Ye,0x5965,6.7229825556737035
Ie,0x4965,0.8846029678518031
'f,0x2766,0.08846029678518032
If,0x4966,0.4423014839259016
LW,0x4c57,0.8846029678518031
Yg,0x5967,0.2653808903555409
GY,0x4759,0.08846029678518032
Ih,0x4968,0.2653808903555409
VH,0x5648,0.7076823742814425
Iy,0x4979,0.6192220774962622
Yi,0x5969,1.415364748562885
YY,0x5959,0.08846029678518032
Ii,0x4969,0.4423014839259016
Ij,0x496a,0.35384118714072127
IJ,0x494a,0.17692059357036063
Js,0x4a73,0.2653808903555409
Ik,0x496b,0.8846029678518031
Il,0x496c,9.553712052799474
Yl,0x596c,0.08846029678518032
Im,0x496d,4.865316323184917
Ym,0x596d,0.17692059357036063
P3,0x5033,0.17692059357036063
YM,0x594d,0.4423014839259016
hA,0x6841,0.08846029678518032
nE,0x6e45,0.2653808903555409
Yn,0x596e,0.2653808903555409
jb,0x6a62,0.17692059357036063
-',0x2d27,0.4423014839259016
'v,0x2776,0.8846029678518031
NW,0x4e57,1.0615235614221636
Io,0x496f,4.157633948903475
Yo,0x596f,7.872966413881048
-Y,0x2d59,0.2653808903555409
Ol,0x4f6c,14.330568079199212
'r,0x2772,0.7961426710666228
YP,0x5950,0.35384118714072127
Ip,0x4970,2.1230471228443273
PY,0x5059,0.17692059357036063
Yp,0x5970,0.5307617807110818
PV,0x5056,1.0615235614221636
PX,0x5058,0.2653808903555409
IQ,0x4951,0.2653808903555409
Iq,0x4971,0.2653808903555409
QR,0x5152,0.5307617807110818
QS,0x5153,1.0615235614221636
Yq,0x5971,0.08846029678518032
Yr,0x5972,0.08846029678518032
rG,0x7247,0.08846029678518032
YR,0x5952,0.17692059357036063
Ys,0x5973,0.7076823742814425
Ku,0x4b75,15.657472530976916
YT,0x5954,0.17692059357036063
Yu,0x5975,7.253744336384786
Iu,0x4975,0.17692059357036063
YV,0x5956,0.08846029678518032
Iv,0x4976,3.5384118714072126
VB,0x5642,0.17692059357036063
Yv,0x5976,0.6192220774962622
VP,0x5650,0.9730632646369834
Iw,0x4977,0.2653808903555409
YW,0x5957,0.17692059357036063
WW,0x5757,0.7961426710666228
XC,0x5843,0.17692059357036063
Ix,0x4978,1.149983858207344
XM,0x584d,0.4423014839259016
Iz,0x497a,1.8576662324887865
 J,0x204a,143.747982275918
Ja,0x4a61,47.14933818650111
 j,0x206a,224.06993175686173
j',0x6a27,0.35384118714072127
Jb,0x4a62,0.08846029678518032
JB,0x4a42,0.17692059357036063
Jc,0x4a63,0.08846029678518032
JD,0x4a44,0.2653808903555409
Jd,0x4a64,0.08846029678518032
JE,0x4a45,0.6192220774962622
JF,0x4a46,0.4423014839259016
FK,0x464b,0.08846029678518032
jg,0x6a67,0.17692059357036063
Jg,0x4a67,0.08846029678518032
JG,0x4a47,0.17692059357036063
Jh,0x4a68,0.2653808903555409
JH,0x4a48,0.2653808903555409
Jy,0x4a79,0.5307617807110818
Ji,0x4a69,3.1845706842664914
JI,0x4a49,0.5307617807110818
JJ,0x4a4a,0.17692059357036063
Jk,0x4a6b,0.08846029678518032
Jl,0x4a6c,0.08846029678518032
JL,0x4a4c,0.08846029678518032
JM,0x4a4d,0.2653808903555409
MX,0x4d58,0.4423014839259016
Jn,0x4a6e,0.17692059357036063
JO,0x4a4f,0.35384118714072127
oA,0x6f41,0.17692059357036063
JP,0x4a50,0.2653808903555409
Jr,0x4a72,0.17692059357036063
JR,0x4a52,0.08846029678518032
J-,0x4a2d,0.08846029678518032
Jt,0x4a74,0.08846029678518032
JU,0x4a55,0.2653808903555409
JV,0x4a56,0.17692059357036063
VN,0x564e,0.6192220774962622
Jw,0x4a77,0.08846029678518032
JW,0x4a57,0.08846029678518032
 K,0x204b,231.94289817074278
K.,0x4b2e,1.2384441549925245
.K,0x2e4b,0.2653808903555409
K2,0x4b32,0.08846029678518032
K9,0x4b39,0.08846029678518032
9 ,0x3920,0.17692059357036063
 k,0x206b,313.5917521034642
K',0x4b27,0.17692059357036063
aN,0x614e,0.08846029678518032
Ng,0x4e67,0.6192220774962622
KB,0x4b42,0.4423014839259016
kC,0x6b43,0.08846029678518032
KD,0x4b44,0.4423014839259016
Kd,0x4b64,0.08846029678518032
KE,0x4b45,0.2653808903555409
Ke,0x4b65,39.541752662975604
KF,0x4b46,0.08846029678518032
Kh,0x4b68,9.553712052799474
KH,0x4b48,0.08846029678518032
Hz,0x487a,0.17692059357036063
KI,0x4b49,0.6192220774962622
KY,0x4b59,0.08846029678518032
Ky,0x4b79,3.715332464977573
kx,0x6b78,0.08846029678518032
cv,0x6376,0.17692059357036063
Sm,0x536d,6.899903149244064
kJ,0x6b4a,0.08846029678518032
Kj,0x4b6a,0.2653808903555409
Kk,0x4b6b,0.08846029678518032
KK,0x4b4b,0.35384118714072127
Kt,0x4b74,0.6192220774962622
tP,0x7450,0.17692059357036063
Kl,0x4b6c,8.40372819459213
K-,0x4b2d,0.7076823742814425
KL,0x4b4c,0.17692059357036063
kM,0x6b4d,0.08846029678518032
Mc,0x4d63,21.761233009154356
Km,0x4b6d,0.08846029678518032
KN,0x4b4e,0.17692059357036063
Kn,0x4b6e,6.192220774962622
KO,0x4b4f,0.2653808903555409
kO,0x6b4f,0.08846029678518032
Oe,0x4f65,3.1845706842664914
KP,0x4b50,0.2653808903555409
Kp,0x4b70,0.08846029678518032
KQ,0x4b51,0.08846029678518032
QC,0x5143,0.35384118714072127
KR,0x4b52,0.17692059357036063
Ks,0x4b73,0.17692059357036063
KV,0x4b56,0.17692059357036063
kV,0x6b56,0.2653808903555409
Kv,0x4b76,0.08846029678518032
Kw,0x4b77,2.6538089035554093
kW,0x6b57,0.08846029678518032
Wh,0x5768,13.357504814562226
 L,0x204c,329.51460552479665
 l,0x206c,917.1563570687496
L/,0x4c2f,0.35384118714072127
Cp,0x4370,0.08846029678518032
l/,0x6c2f,0.08846029678518032
/w,0x2f77,0.08846029678518032
L1,0x4c31,0.17692059357036063
L2,0x4c32,0.08846029678518032
L3,0x4c33,0.08846029678518032
L4,0x4c34,0.08846029678518032
L5,0x4c35,0.08846029678518032
aB,0x6142,0.2653808903555409
Un,0x556e,20.611249150947014
aF,0x6146,0.08846029678518032
L',0x4c27,0.8846029678518031
aR,0x6152,0.08846029678518032
Lb,0x4c62,0.08846029678518032
Ld,0x4c64,0.35384118714072127
eC,0x6543,0.08846029678518032
eD,0x6544,0.08846029678518032
'E,0x2745,0.17692059357036063
Lg,0x4c67,0.08846029678518032
Lh,0x4c68,0.4423014839259016
tB,0x7442,0.17692059357036063
tD,0x7444,0.17692059357036063
LJ,0x4c4a,0.17692059357036063
Lj,0x4c6a,0.35384118714072127
Ll,0x4c6c,1.7692059357036063
Lm,0x4c6d,0.08846029678518032
N2,0x4e32,0.08846029678518032
Ln,0x4c6e,0.17692059357036063
Ot,0x4f74,8.13834730423659
Ou,0x4f75,3.3614912778368518
vm,0x766d,0.35384118714072127
pW,0x7057,0.08846029678518032
Lr,0x4c72,0.08846029678518032
25,0x3235,0.17692059357036063
Lt,0x4c74,0.2653808903555409
Lv,0x4c76,0.2653808903555409
Lw,0x4c77,0.2653808903555409
LX,0x4c58,0.17692059357036063
XX,0x5858,0.2653808903555409
LZ,0x4c5a,0.08846029678518032
Lz,0x4c7a,0.08846029678518032
 m,0x206d,1704.2760778632842
 M,0x204d,524.3926393425489
M',0x4d27,0.4423014839259016
.l,0x2e6c,0.2653808903555409
M/,0x4d2f,0.08846029678518032
14,0x3134,0.08846029678518032
6 ,0x3620,0.2653808903555409
cA,0x6341,1.149983858207344
cC,0x6343,7.607585523525507
cD,0x6344,2.1230471228443273
cE,0x6345,0.5307617807110818
cF,0x6346,0.8846029678518031
cG,0x6347,2.476888309985049
cI,0x6349,0.6192220774962622
cK,0x634b,1.946126529273967
cL,0x634c,1.5922853421332457
cM,0x634d,1.2384441549925245
cN,0x634e,1.6807456389184259
cP,0x6350,0.17692059357036063
cR,0x6352,0.4423014839259016
cS,0x6353,0.35384118714072127
oE,0x6f45,0.08846029678518032
rM,0x724d,0.08846029678518032
'B,0x2742,0.2653808903555409
Mb,0x4d62,0.7076823742814425
cB,0x6342,0.5307617807110818
cH,0x6348,0.35384118714072127
Nu,0x4e75,7.872966413881048
cQ,0x6351,0.5307617807110818
Qu,0x5175,19.37280499595449
cT,0x6354,0.17692059357036063
Ty,0x5479,9.819092943155015
cV,0x6356,0.2653808903555409
cW,0x6357,0.2653808903555409
Wi,0x5769,36.534102572279465
Md,0x4d64,0.7076823742814425
dS,0x6453,0.08846029678518032
xS,0x7853,0.08846029678518032
EZ,0x455a,0.08846029678518032
zq,0x7a71,0.4423014839259016
FJ,0x464a,0.08846029678518032
mG,0x6d47,0.08846029678518032
Mh,0x4d68,0.08846029678518032
I5,0x4935,0.08846029678518032
I6,0x4936,0.08846029678518032
My,0x4d79,15.126710750265836
lM,0x6c4d,0.08846029678518032
iN,0x694e,0.08846029678518032
Mj,0x4d6a,0.2653808903555409
Ml,0x4d6c,0.7961426710666228
mH,0x6d48,0.08846029678518032
Hg,0x4867,0.08846029678518032
Mn,0x4d6e,0.8846029678518031
Op,0x4f70,7.519125226740328
Mp,0x4d70,0.17692059357036063
Mr,0x4d72,1.0615235614221636
rB,0x7242,0.17692059357036063
mR,0x6d52,0.08846029678518032
sB,0x7342,0.2653808903555409
sS,0x7353,0.08846029678518032
Ms,0x4d73,0.4423014839259016
Sg,0x5367,0.35384118714072127
Mt,0x4d74,0.35384118714072127
'T,0x2754,0.17692059357036063
TX,0x5458,0.2653808903555409
nM,0x6e4d,0.08846029678518032
sD,0x7344,0.08846029678518032
zj,0x7a6a,0.17692059357036063
Mw,0x4d77,0.17692059357036063
mx,0x6d78,0.08846029678518032
XU,0x5855,0.2653808903555409
 n,0x206e,1216.2406204994443
 N,0x204e,214.51621970406225
.d,0x2e64,0.17692059357036063
.Y,0x2e59,0.17692059357036063
n/,0x6e2f,0.2653808903555409
/a,0x2f61,0.08846029678518032
N/,0x4e2f,0.08846029678518032
S/,0x532f,0.17692059357036063
Nb,0x4e62,0.2653808903555409
bE,0x6245,0.17692059357036063
N-,0x4e2d,0.2653808903555409
bW,0x6257,0.35384118714072127
nC,0x6e43,0.08846029678518032
Nd,0x4e64,0.4423014839259016
N',0x4e27,0.08846029678518032
'D,0x2744,0.7076823742814425
qt,0x7174,0.7961426710666228
Sy,0x5379,14.15364748562885
pq,0x7071,0.2653808903555409
'g,0x2767,0.08846029678518032
Nh,0x4e68,0.08846029678518032
Ny,0x4e79,4.246094245688655
yq,0x7971,0.4423014839259016
NJ,0x4e4a,0.08846029678518032
Nj,0x4e6a,0.17692059357036063
NK,0x4e4b,0.2653808903555409
Nk,0x4e6b,0.2653808903555409
Nn,0x4e6e,0.08846029678518032
Tu,0x5475,30.695722984457564
We,0x5765,33.43799218479816
'w,0x2777,0.2653808903555409
Np,0x4e70,0.17692059357036063
fx,0x6678,0.2653808903555409
NQ,0x4e51,0.17692059357036063
RZ,0x525a,0.17692059357036063
ZI,0x5a49,0.35384118714072127
Nt,0x4e74,0.17692059357036063
UJ,0x554a,0.08846029678518032
NV,0x4e56,0.5307617807110818
ZB,0x5a42,0.35384118714072127
 o,0x206f,1170.8604882486468
 O,0x204f,161.44004163295406
O',0x4f27,3.715332464977573
o/,0x6f2f,0.08846029678518032
O/,0x4f2f,0.08846029678518032
O2,0x4f32,0.08846029678518032
Oa,0x4f61,3.0076500906961305
Ob,0x4f62,4.953776619970098
Oc,0x4f63,9.199870865658752
'C,0x2743,0.5307617807110818
Od,0x4f64,7.784506117095868
Of,0x4f66,1.3269044517777047
'F,0x2746,0.2653808903555409
Og,0x4f67,2.83072949712577
O-,0x4f2d,0.2653808903555409
'G,0x2747,0.17692059357036063
Oh,0x4f68,1.0615235614221636
Oy,0x4f79,0.5307617807110818
Oi,0x4f69,1.415364748562885
Oj,0x4f6a,0.35384118714072127
Ok,0x4f6b,4.423014839259015
'K,0x274b,0.2653808903555409
'L,0x274c,0.08846029678518032
Om,0x4f6d,3.096110387481311
'M,0x274d,0.2653808903555409
On,0x4f6e,6.457601665318164
'N,0x274e,0.17692059357036063
Oq,0x4f71,0.17692059357036063
'R,0x2752,0.17692059357036063
-x,0x2d78,0.08846029678518032
S2,0x5332,0.17692059357036063
Um,0x556d,3.0076500906961305
'S,0x2753,0.2653808903555409
tx,0x7478,0.4423014839259016
Ov,0x4f76,2.83072949712577
Ow,0x4f77,2.83072949712577
Ox,0x4f78,3.1845706842664914
Oz,0x4f7a,1.415364748562885
 P,0x2050,492.90077368702475
 p,0x2070,3130.0791414468204
.n,0x2e6e,0.08846029678518032
P/,0x502f,0.08846029678518032
P4,0x5034,0.17692059357036063
aG,0x6147,0.08846029678518032
YE,0x5945,0.17692059357036063
P-,0x502d,0.5307617807110818
dD,0x6444,0.08846029678518032
qg,0x7167,0.08846029678518032
P',0x5027,0.08846029678518032
XS,0x5853,0.2653808903555409
Pf,0x5066,1.415364748562885
Pg,0x5067,0.08846029678518032
rD,0x7244,0.08846029678518032
mD,0x6d44,0.08846029678518032
hD,0x6844,0.17692059357036063
HY,0x4859,0.08846029678518032
hL,0x684c,0.08846029678518032
PK,0x504b,0.17692059357036063
KU,0x4b55,0.17692059357036063
/1,0x2f31,0.08846029678518032
Pn,0x506e,0.7961426710666228
PQ,0x5051,0.2653808903555409
Vo,0x566f,10.880616504577178
Ps,0x5073,12.649822440280786
Pt,0x5074,6.280681071747803
T-,0x542d,1.149983858207344
Pv,0x5076,0.08846029678518032
 Q,0x2051,25.830406661272654
 q,0x2071,258.83482839343765
Qa,0x5161,0.6192220774962622
QB,0x5142,0.17692059357036063
Q-,0x512d,0.7076823742814425
QE,0x5145,0.5307617807110818
qe,0x7165,0.35384118714072127
Qe,0x5165,0.08846029678518032
QF,0x5146,0.08846029678518032
Qy,0x5179,0.08846029678518032
Qi,0x5169,0.17692059357036063
QI,0x5149,0.2653808903555409
QK,0x514b,0.17692059357036063
ql,0x716c,0.2653808903555409
Ql,0x516c,0.08846029678518032
QM,0x514d,0.5307617807110818
Qo,0x516f,0.17692059357036063
QP,0x5150,0.08846029678518032
Qq,0x5171,0.17692059357036063
QQ,0x5151,0.08846029678518032
QV,0x5156,0.17692059357036063
q',0x7127,0.08846029678518032
QT,0x5154,0.17692059357036063
TY,0x5459,0.4423014839259016
QW,0x5157,0.17692059357036063
 R,0x2052,252.55414732168978
R&,0x5226,0.08846029678518032
&D,0x2644,0.08846029678518032
 r,0x2072,1630.4117300476585
R/,0x522f,0.08846029678518032
Rd,0x5264,0.35384118714072127
qd,0x7164,0.17692059357036063
Rg,0x5267,0.17692059357036063
Ry,0x5279,2.476888309985049
RJ,0x524a,0.17692059357036063
Rj,0x526a,0.08846029678518032
rK,0x724b,0.08846029678518032
ZA,0x5a41,0.35384118714072127
ZN,0x5a4e,0.08846029678518032
OY,0x4f59,0.17692059357036063
YG,0x5947,0.17692059357036063
/r,0x2f72,0.08846029678518032
Rr,0x5272,0.08846029678518032
Rs,0x5273,0.17692059357036063
23,0x3233,0.08846029678518032
32,0x3332,0.08846029678518032
RW,0x5257,0.6192220774962622
Rw,0x5277,0.2653808903555409
RX,0x5258,0.08846029678518032
 s,0x2073,3887.033901037608
 S,0x2053,586.4917676857455
qq,0x7171,0.5307617807110818
Sb,0x5362,0.2653808903555409
S-,0x532d,0.7076823742814425
bS,0x6253,0.17692059357036063
qf,0x7166,0.08846029678518032
Sf,0x5366,0.2653808903555409
'b,0x2762,0.08846029678518032
Sj,0x536a,0.35384118714072127
Sk,0x536b,8.13834730423659
Sn,0x536e,3.096110387481311
Sq,0x5371,2.6538089035554093
SQ,0x5351,0.5307617807110818
Sr,0x5372,0.7076823742814425
-9,0x2d39,0.08846029678518032
tR,0x7452,0.17692059357036063
Sv,0x5376,1.946126529273967
R4,0x5234,0.08846029678518032
VV,0x5656,0.2653808903555409
WF,0x5746,0.5307617807110818
Sz,0x537a,1.415364748562885
 T,0x2054,353.92964743750645
 t,0x2074,1877.3044183750965
T/,0x542f,0.08846029678518032
1F,0x3146,0.08846029678518032
1O,0x314f,0.08846029678518032
T3,0x5433,0.08846029678518032
T',0x5427,0.08846029678518032
Tb,0x5462,0.2653808903555409
Tc,0x5463,1.149983858207344
DY,0x4459,0.08846029678518032
lA,0x6c41,0.17692059357036063
HX,0x4858,0.08846029678518032
RK,0x524b,0.08846029678518032
Tj,0x546a,0.35384118714072127
Tl,0x546c,1.0615235614221636
Tm,0x546d,0.08846029678518032
Tn,0x546e,0.08846029678518032
P0,0x5030,0.08846029678518032
Tp,0x5470,0.08846029678518032
TQ,0x5451,0.17692059357036063
sJ,0x734a,0.08846029678518032
Ts,0x5473,3.0076500906961305
V-,0x562d,1.6807456389184259
Tv,0x5476,0.08846029678518032
WX,0x5758,0.08846029678518032
Tz,0x547a,1.149983858207344
 U,0x2055,78.6412038420253
U/,0x552f,0.08846029678518032
 u,0x2075,2025.9177169741995
Ua,0x5561,0.2653808903555409
Ub,0x5562,1.5038250453480653
U-,0x552d,0.5307617807110818
Uc,0x5563,0.9730632646369834
Ud,0x5564,1.415364748562885
Ue,0x5565,0.4423014839259016
Uf,0x5566,0.17692059357036063
UH,0x5548,0.17692059357036063
Uh,0x5568,0.35384118714072127
Uy,0x5579,0.08846029678518032
Ui,0x5569,1.149983858207344
Uj,0x556a,0.2653808903555409
Ul,0x556c,9.288331162443933
Up,0x5570,1.8576662324887865
Us,0x5573,3.3614912778368518
C&,0x4326,0.08846029678518032
&G,0x2647,0.08846029678518032
Ut,0x5574,3.096110387481311
QG,0x5147,0.08846029678518032
Uu,0x5575,0.17692059357036063
Uv,0x5576,0.5307617807110818
Uw,0x5577,0.17692059357036063
Ux,0x5578,0.17692059357036063
 V,0x2056,120.65984481498595
 v,0x2076,482.28553807280304
V/,0x562f,0.08846029678518032
V6,0x5636,0.08846029678518032
V8,0x5638,0.08846029678518032
8 ,0x3820,0.08846029678518032
Va,0x5661,31.757246545879735
nA,0x6e41,0.08846029678518032
nH,0x6e48,0.08846029678518032
iT,0x6954,0.08846029678518032
XB,0x5842,0.2653808903555409
vb,0x7662,0.08846029678518032
VF,0x5646,0.6192220774962622
VG,0x5647,0.35384118714072127
Vh,0x5668,0.08846029678518032
Vy,0x5679,0.8846029678518031
VJ,0x564a,0.08846029678518032
Vl,0x566c,1.5922853421332457
Vn,0x566e,0.08846029678518032
Vr,0x5672,0.4423014839259016
v',0x7627,0.08846029678518032
Vt,0x5674,0.5307617807110818
Vu,0x5675,1.946126529273967
VW,0x5657,0.17692059357036063
 W,0x2057,172.05527724717572
 w,0x2077,860.453306829449
w/,0x772f,0.17692059357036063
/ ,0x2f20,0.08846029678518032
W/,0x572f,0.08846029678518032
W-,0x572d,0.17692059357036063
Zb,0x5a62,0.08846029678518032
WY,0x5759,0.35384118714072127
Wl,0x576c,0.08846029678518032
WN,0x574e,0.2653808903555409
Wr,0x5772,2.476888309985049
Ws,0x5773,0.08846029678518032
Wu,0x5775,2.565348606770229
W2,0x5732,0.08846029678518032
 X,0x2058,15.569012234191735
X2,0x5832,0.08846029678518032
 x,0x2078,38.303308507983076
Xa,0x5861,2.476888309985049
X-,0x582d,0.4423014839259016
XD,0x5844,0.2653808903555409
Xe,0x5865,3.892253058547934
Xh,0x5868,0.08846029678518032
Xi,0x5869,2.565348606770229
Xy,0x5879,1.7692059357036063
XL,0x584c,0.08846029678518032
Xm,0x586d,0.08846029678518032
XN,0x584e,0.17692059357036063
Xn,0x586e,0.2653808903555409
XO,0x584f,0.17692059357036063
Xo,0x586f,0.2653808903555409
G2,0x4732,0.08846029678518032
XQ,0x5851,0.08846029678518032
Xt,0x5874,0.2653808903555409
Xu,0x5875,0.08846029678518032
XV,0x5856,0.08846029678518032
XW,0x5857,0.08846029678518032
 Z,0x205a,56.43766934894505
 z,0x207a,104.73699139365351
Za,0x5a61,14.684409266339934
Z-,0x5a2d,0.17692059357036063
ZD,0x5a44,0.08846029678518032
Ze,0x5a65,12.207520956354884
aZ,0x615a,0.08846029678518032
ZE,0x5a45,0.08846029678518032
ZG,0x5a47,0.17692059357036063
Zh,0x5a68,0.5307617807110818
Zi,0x5a69,8.13834730423659
Zy,0x5a79,2.565348606770229
ZK,0x5a4b,0.08846029678518032
Zk,0x5a6b,0.08846029678518032
Zl,0x5a6c,0.17692059357036063
ZM,0x5a4d,0.08846029678518032
Zm,0x5a6d,0.08846029678518032
Zn,0x5a6e,0.17692059357036063
Zo,0x5a6f,9.553712052799474
ZP,0x5a50,0.17692059357036063
Zr,0x5a72,0.2653808903555409
Zs,0x5a73,0.35384118714072127
ZT,0x5a54,0.08846029678518032
Zt,0x5a74,0.17692059357036063
Zu,0x5a75,4.157633948903475
Zw,0x5a77,1.2384441549925245
ZW,0x5a57,0.08846029678518032
ZZ,0x5a5a,0.2653808903555409
zZ,0x7a5a,0.08846029678518032
